Model,Accuracy,F1-Score
SVM,0.7878787878787878,0.7816413633315041
Random Forest,0.803030303030303,0.7841894947158106
KNN,0.7575757575757576,0.757563350707911
